setting,setting_display,model,model_display,category,TP,FP,TN,FN,precision,recall,f1,accuracy,specificity
raw_logs_context,Raw Logs,qwen3.6-max,Qwen3.6-Max,Anomaly Detection,25,0,0,0,1.0,1.0,1.0,1.0,0.0
raw_logs_context,Raw Logs,qwen3.6-max,Qwen3.6-Max,Habit Deviation,15,0,0,57,1.0,0.20833333333333334,0.3448275862068966,0.20833333333333334,0.0
raw_logs_context,Raw Logs,qwen3.6-max,Qwen3.6-Max,Normal Events,0,0,160,0,0.0,0.0,0.0,1.0,1.0
raw_logs_context,Raw Logs,qwen3.6-max,Qwen3.6-Max,Rule Violation,32,0,0,60,1.0,0.34782608695652173,0.5161290322580645,0.34782608695652173,0.0
raw_logs_context,Raw Logs,qwen3.6-max,Qwen3.6-Max,World Knowledge,46,0,0,5,1.0,0.9019607843137255,0.9484536082474228,0.9019607843137255,0.0
raw_logs_context,Raw Logs,qwen_plus,Qwen-Plus,Anomaly Detection,25,0,0,0,1.0,1.0,1.0,1.0,0.0
raw_logs_context,Raw Logs,qwen_plus,Qwen-Plus,Habit Deviation,21,0,0,51,1.0,0.2916666666666667,0.45161290322580644,0.2916666666666667,0.0
raw_logs_context,Raw Logs,qwen_plus,Qwen-Plus,Normal Events,0,1,159,0,0.0,0.0,0.0,0.99375,0.99375
raw_logs_context,Raw Logs,qwen_plus,Qwen-Plus,Rule Violation,41,0,0,51,1.0,0.44565217391304346,0.6165413533834586,0.44565217391304346,0.0
raw_logs_context,Raw Logs,qwen_plus,Qwen-Plus,World Knowledge,45,0,0,6,1.0,0.8823529411764706,0.9375,0.8823529411764706,0.0
raw_logs_context,Raw Logs,deepseek_v3,DeepSeek-V3,Anomaly Detection,25,0,0,0,1.0,1.0,1.0,1.0,0.0
raw_logs_context,Raw Logs,deepseek_v3,DeepSeek-V3,Habit Deviation,21,0,0,51,1.0,0.2916666666666667,0.45161290322580644,0.2916666666666667,0.0
raw_logs_context,Raw Logs,deepseek_v3,DeepSeek-V3,Normal Events,0,0,160,0,0.0,0.0,0.0,1.0,1.0
raw_logs_context,Raw Logs,deepseek_v3,DeepSeek-V3,Rule Violation,34,0,0,58,1.0,0.3695652173913043,0.5396825396825397,0.3695652173913043,0.0
raw_logs_context,Raw Logs,deepseek_v3,DeepSeek-V3,World Knowledge,46,0,0,5,1.0,0.9019607843137255,0.9484536082474228,0.9019607843137255,0.0
raw_logs_context,Raw Logs,deepseek_r1,DeepSeek-R1,Anomaly Detection,24,0,0,1,1.0,0.96,0.9795918367346939,0.96,0.0
raw_logs_context,Raw Logs,deepseek_r1,DeepSeek-R1,Habit Deviation,13,0,0,59,1.0,0.18055555555555555,0.30588235294117644,0.18055555555555555,0.0
raw_logs_context,Raw Logs,deepseek_r1,DeepSeek-R1,Normal Events,0,1,159,0,0.0,0.0,0.0,0.99375,0.99375
raw_logs_context,Raw Logs,deepseek_r1,DeepSeek-R1,Rule Violation,29,0,0,63,1.0,0.31521739130434784,0.4793388429752066,0.31521739130434784,0.0
raw_logs_context,Raw Logs,deepseek_r1,DeepSeek-R1,World Knowledge,45,0,0,6,1.0,0.8823529411764706,0.9375,0.8823529411764706,0.0
raw_logs_context,Raw Logs,llama4_scout,Llama4-scout,Anomaly Detection,25,0,0,0,1.0,1.0,1.0,1.0,0.0
raw_logs_context,Raw Logs,llama4_scout,Llama4-scout,Habit Deviation,41,0,0,31,1.0,0.5694444444444444,0.7256637168141593,0.5694444444444444,0.0
raw_logs_context,Raw Logs,llama4_scout,Llama4-scout,Normal Events,0,28,132,0,0.0,0.0,0.0,0.825,0.825
raw_logs_context,Raw Logs,llama4_scout,Llama4-scout,Rule Violation,59,0,0,33,1.0,0.6413043478260869,0.7814569536423841,0.6413043478260869,0.0
raw_logs_context,Raw Logs,llama4_scout,Llama4-scout,World Knowledge,50,0,0,1,1.0,0.9803921568627451,0.99009900990099,0.9803921568627451,0.0
static_kb,Static KB,qwen3.6-max,Qwen3.6-Max,Anomaly Detection,24,0,0,1,1.0,0.96,0.9795918367346939,0.96,0.0
static_kb,Static KB,qwen3.6-max,Qwen3.6-Max,Habit Deviation,17,0,0,55,1.0,0.2361111111111111,0.38202247191011235,0.2361111111111111,0.0
static_kb,Static KB,qwen3.6-max,Qwen3.6-Max,Normal Events,0,3,157,0,0.0,0.0,0.0,0.98125,0.98125
static_kb,Static KB,qwen3.6-max,Qwen3.6-Max,Rule Violation,88,0,0,4,1.0,0.9565217391304348,0.9777777777777777,0.9565217391304348,0.0
static_kb,Static KB,qwen3.6-max,Qwen3.6-Max,World Knowledge,46,0,0,5,1.0,0.9019607843137255,0.9484536082474228,0.9019607843137255,0.0
static_kb,Static KB,qwen_plus,Qwen-Plus,Anomaly Detection,25,0,0,0,1.0,1.0,1.0,1.0,0.0
static_kb,Static KB,qwen_plus,Qwen-Plus,Habit Deviation,20,0,0,52,1.0,0.2777777777777778,0.4347826086956522,0.2777777777777778,0.0
static_kb,Static KB,qwen_plus,Qwen-Plus,Normal Events,0,3,157,0,0.0,0.0,0.0,0.98125,0.98125
static_kb,Static KB,qwen_plus,Qwen-Plus,Rule Violation,89,0,0,3,1.0,0.967391304347826,0.9834254143646408,0.967391304347826,0.0
static_kb,Static KB,qwen_plus,Qwen-Plus,World Knowledge,43,0,0,8,1.0,0.8431372549019608,0.9148936170212766,0.8431372549019608,0.0
static_kb,Static KB,deepseek_v3,DeepSeek-V3,Anomaly Detection,24,0,0,1,1.0,0.96,0.9795918367346939,0.96,0.0
static_kb,Static KB,deepseek_v3,DeepSeek-V3,Habit Deviation,21,0,0,51,1.0,0.2916666666666667,0.45161290322580644,0.2916666666666667,0.0
static_kb,Static KB,deepseek_v3,DeepSeek-V3,Normal Events,0,5,155,0,0.0,0.0,0.0,0.96875,0.96875
static_kb,Static KB,deepseek_v3,DeepSeek-V3,Rule Violation,89,0,0,3,1.0,0.967391304347826,0.9834254143646408,0.967391304347826,0.0
static_kb,Static KB,deepseek_v3,DeepSeek-V3,World Knowledge,46,0,0,5,1.0,0.9019607843137255,0.9484536082474228,0.9019607843137255,0.0
static_kb,Static KB,deepseek_r1,DeepSeek-R1,Anomaly Detection,22,0,0,3,1.0,0.88,0.9361702127659575,0.88,0.0
static_kb,Static KB,deepseek_r1,DeepSeek-R1,Habit Deviation,20,0,0,52,1.0,0.2777777777777778,0.4347826086956522,0.2777777777777778,0.0
static_kb,Static KB,deepseek_r1,DeepSeek-R1,Normal Events,0,2,158,0,0.0,0.0,0.0,0.9875,0.9875
static_kb,Static KB,deepseek_r1,DeepSeek-R1,Rule Violation,82,0,0,10,1.0,0.8913043478260869,0.9425287356321839,0.8913043478260869,0.0
static_kb,Static KB,deepseek_r1,DeepSeek-R1,World Knowledge,42,0,0,9,1.0,0.8235294117647058,0.9032258064516129,0.8235294117647058,0.0
static_kb,Static KB,llama4_scout,Llama4-scout,Anomaly Detection,25,0,0,0,1.0,1.0,1.0,1.0,0.0
static_kb,Static KB,llama4_scout,Llama4-scout,Habit Deviation,29,0,0,43,1.0,0.4027777777777778,0.5742574257425743,0.4027777777777778,0.0
static_kb,Static KB,llama4_scout,Llama4-scout,Normal Events,0,13,147,0,0.0,0.0,0.0,0.91875,0.91875
static_kb,Static KB,llama4_scout,Llama4-scout,Rule Violation,91,0,0,1,1.0,0.9891304347826086,0.994535519125683,0.9891304347826086,0.0
static_kb,Static KB,llama4_scout,Llama4-scout,World Knowledge,49,0,0,2,1.0,0.9607843137254902,0.98,0.9607843137254902,0.0
full_kb,Full KB,qwen3.6-max,Qwen3.6-Max,Anomaly Detection,24,0,0,1,1.0,0.96,0.9795918367346939,0.96,0.0
full_kb,Full KB,qwen3.6-max,Qwen3.6-Max,Habit Deviation,22,0,0,50,1.0,0.3055555555555556,0.46808510638297873,0.3055555555555556,0.0
full_kb,Full KB,qwen3.6-max,Qwen3.6-Max,Normal Events,0,4,156,0,0.0,0.0,0.0,0.975,0.975
full_kb,Full KB,qwen3.6-max,Qwen3.6-Max,Rule Violation,88,0,0,4,1.0,0.9565217391304348,0.9777777777777777,0.9565217391304348,0.0
full_kb,Full KB,qwen3.6-max,Qwen3.6-Max,World Knowledge,46,0,0,5,1.0,0.9019607843137255,0.9484536082474228,0.9019607843137255,0.0
full_kb,Full KB,qwen_plus,Qwen-Plus,Anomaly Detection,25,0,0,0,1.0,1.0,1.0,1.0,0.0
full_kb,Full KB,qwen_plus,Qwen-Plus,Habit Deviation,47,0,0,25,1.0,0.6527777777777778,0.7899159663865547,0.6527777777777778,0.0
full_kb,Full KB,qwen_plus,Qwen-Plus,Normal Events,0,8,152,0,0.0,0.0,0.0,0.95,0.95
full_kb,Full KB,qwen_plus,Qwen-Plus,Rule Violation,90,0,0,2,1.0,0.9782608695652174,0.989010989010989,0.9782608695652174,0.0
full_kb,Full KB,qwen_plus,Qwen-Plus,World Knowledge,45,0,0,6,1.0,0.8823529411764706,0.9375,0.8823529411764706,0.0
full_kb,Full KB,deepseek_v3,DeepSeek-V3,Anomaly Detection,25,0,0,0,1.0,1.0,1.0,1.0,0.0
full_kb,Full KB,deepseek_v3,DeepSeek-V3,Habit Deviation,57,0,0,15,1.0,0.7916666666666666,0.8837209302325582,0.7916666666666666,0.0
full_kb,Full KB,deepseek_v3,DeepSeek-V3,Normal Events,0,13,147,0,0.0,0.0,0.0,0.91875,0.91875
full_kb,Full KB,deepseek_v3,DeepSeek-V3,Rule Violation,89,0,0,3,1.0,0.967391304347826,0.9834254143646408,0.967391304347826,0.0
full_kb,Full KB,deepseek_v3,DeepSeek-V3,World Knowledge,46,0,0,5,1.0,0.9019607843137255,0.9484536082474228,0.9019607843137255,0.0
full_kb,Full KB,deepseek_r1,DeepSeek-R1,Anomaly Detection,23,0,0,2,1.0,0.92,0.9583333333333334,0.92,0.0
full_kb,Full KB,deepseek_r1,DeepSeek-R1,Habit Deviation,48,0,0,24,1.0,0.6666666666666666,0.8,0.6666666666666666,0.0
full_kb,Full KB,deepseek_r1,DeepSeek-R1,Normal Events,0,20,140,0,0.0,0.0,0.0,0.875,0.875
full_kb,Full KB,deepseek_r1,DeepSeek-R1,Rule Violation,89,0,0,3,1.0,0.967391304347826,0.9834254143646408,0.967391304347826,0.0
full_kb,Full KB,deepseek_r1,DeepSeek-R1,World Knowledge,44,0,0,7,1.0,0.8627450980392157,0.9263157894736842,0.8627450980392157,0.0
full_kb,Full KB,llama4_scout,Llama4-scout,Anomaly Detection,25,0,0,0,1.0,1.0,1.0,1.0,0.0
full_kb,Full KB,llama4_scout,Llama4-scout,Habit Deviation,58,0,0,14,1.0,0.8055555555555556,0.8923076923076924,0.8055555555555556,0.0
full_kb,Full KB,llama4_scout,Llama4-scout,Normal Events,0,44,116,0,0.0,0.0,0.0,0.725,0.725
full_kb,Full KB,llama4_scout,Llama4-scout,Rule Violation,91,0,0,1,1.0,0.9891304347826086,0.994535519125683,0.9891304347826086,0.0
full_kb,Full KB,llama4_scout,Llama4-scout,World Knowledge,50,0,0,1,1.0,0.9803921568627451,0.99009900990099,0.9803921568627451,0.0
