setting,setting_display,model,model_display,TP,FP,TN,FN,precision,recall,f1,accuracy,specificity,records,errors
raw_logs_context,Raw Logs,qwen3.6-max,Qwen3.6-Max,118,0,160,122,1.0,0.49166666666666664,0.659217877094972,0.695,1.0,400,0
raw_logs_context,Raw Logs,qwen_plus,Qwen-Plus,132,1,159,108,0.9924812030075187,0.55,0.707774798927614,0.7275,0.99375,400,0
raw_logs_context,Raw Logs,deepseek_v3,DeepSeek-V3,126,0,160,114,1.0,0.525,0.6885245901639345,0.715,1.0,400,0
raw_logs_context,Raw Logs,deepseek_r1,DeepSeek-R1,111,1,159,129,0.9910714285714286,0.4625,0.6306818181818182,0.675,0.99375,400,0
raw_logs_context,Raw Logs,llama4_scout,Llama4-scout,175,28,132,65,0.8620689655172413,0.7291666666666666,0.7900677200902934,0.7675,0.825,400,0
static_kb,Static KB,qwen3.6-max,Qwen3.6-Max,175,3,157,65,0.9831460674157303,0.7291666666666666,0.8373205741626794,0.83,0.98125,400,0
static_kb,Static KB,qwen_plus,Qwen-Plus,177,3,157,63,0.9833333333333333,0.7375,0.842857142857143,0.835,0.98125,400,0
static_kb,Static KB,deepseek_v3,DeepSeek-V3,180,5,155,60,0.972972972972973,0.75,0.8470588235294119,0.8375,0.96875,400,0
static_kb,Static KB,deepseek_r1,DeepSeek-R1,166,2,158,74,0.9880952380952381,0.6916666666666667,0.8137254901960784,0.81,0.9875,400,0
static_kb,Static KB,llama4_scout,Llama4-scout,194,13,147,46,0.9371980676328503,0.8083333333333333,0.8680089485458614,0.8525,0.91875,400,0
full_kb,Full KB,qwen3.6-max,Qwen3.6-Max,180,4,156,60,0.9782608695652174,0.75,0.849056603773585,0.84,0.975,400,0
full_kb,Full KB,qwen_plus,Qwen-Plus,207,8,152,33,0.9627906976744186,0.8625,0.90989010989011,0.8975,0.95,400,0
full_kb,Full KB,deepseek_v3,DeepSeek-V3,217,13,147,23,0.9434782608695652,0.9041666666666667,0.9234042553191489,0.91,0.91875,400,0
full_kb,Full KB,deepseek_r1,DeepSeek-R1,204,20,140,36,0.9107142857142857,0.85,0.8793103448275861,0.86,0.875,400,0
full_kb,Full KB,llama4_scout,Llama4-scout,224,44,116,16,0.835820895522388,0.9333333333333333,0.8818897637795275,0.85,0.725,400,0
