model,model_display,setting,setting_display,records,required_cases,TP,FP,TN,FN,errors,correctness,contextual_relevance,clarity,overall_effectiveness
qwen3.6-max,Qwen3.6-Max,raw_logs_context,w/o KB,400,240,118,0,160,122,0,45.43,45.43,48.07,67.79
qwen_plus,Qwen-Plus,raw_logs_context,w/o KB,400,240,132,1,159,108,0,47.78,48.13,52.89,69.64
deepseek_v3,DeepSeek-V3,raw_logs_context,w/o KB,400,240,126,0,160,114,0,48.1,48.24,51.07,69.48
deepseek_r1,DeepSeek-R1,raw_logs_context,w/o KB,400,240,111,1,159,129,0,42.8,42.9,45.07,66.0
llama4_scout,Llama4-Scout,raw_logs_context,w/o KB,400,240,175,28,132,65,0,58.96,59.18,68.12,73.25
qwen3.6-max,Qwen3.6-Max,full_kb,w/ KB,400,240,180,4,156,60,0,71.42,71.75,73.1,82.7
qwen_plus,Qwen-Plus,full_kb,w/ KB,400,240,207,8,152,33,0,77.54,78.55,81.95,86.46
deepseek_v3,DeepSeek-V3,full_kb,w/ KB,400,240,217,13,147,23,0,79.5,81.0,86.26,87.51
deepseek_r1,DeepSeek-R1,full_kb,w/ KB,400,240,204,20,140,36,0,74.45,76.42,80.76,83.39
llama4_scout,Llama4-Scout,full_kb,w/ KB,400,240,224,44,116,16,0,79.56,80.6,87.53,83.28
