setting,setting_display,model,model_display,exists,records,errors,missing,extra,duplicates,order_mismatch,input_mismatch,path
raw_logs_context,Raw Logs,qwen3.6-max,Qwen3.6-Max,True,400,0,0,0,0,0,0,results/raw_logs_context/experiment_qwen3.6-max_raw_logs_context.json
raw_logs_context,Raw Logs,qwen_plus,Qwen-Plus,True,400,0,0,0,0,0,0,results/raw_logs_context/experiment_qwen_plus_raw_logs_context.json
raw_logs_context,Raw Logs,deepseek_v3,DeepSeek-V3,True,400,0,0,0,0,0,0,results/raw_logs_context/experiment_deepseek_v3_raw_logs_context.json
raw_logs_context,Raw Logs,deepseek_r1,DeepSeek-R1,True,400,0,0,0,0,0,0,results/raw_logs_context/experiment_deepseek_r1_raw_logs_context.json
raw_logs_context,Raw Logs,llama4_scout,Llama4-scout,True,400,0,0,0,0,0,0,results/raw_logs_context/experiment_llama4_scout_raw_logs_context.json
static_kb,Static KB,qwen3.6-max,Qwen3.6-Max,True,400,0,0,0,0,0,0,results/static_kb/experiment_qwen3.6-max_static_kb.json
static_kb,Static KB,qwen_plus,Qwen-Plus,True,400,0,0,0,0,0,0,results/static_kb/experiment_qwen_plus_static_kb.json
static_kb,Static KB,deepseek_v3,DeepSeek-V3,True,400,0,0,0,0,0,0,results/static_kb/experiment_deepseek_v3_static_kb.json
static_kb,Static KB,deepseek_r1,DeepSeek-R1,True,400,0,0,0,0,0,0,results/static_kb/experiment_deepseek_r1_static_kb.json
static_kb,Static KB,llama4_scout,Llama4-scout,True,400,0,0,0,0,0,0,results/static_kb/experiment_llama4_scout_static_kb.json
full_kb,Full KB,qwen3.6-max,Qwen3.6-Max,True,400,0,0,0,0,0,0,results/full_kb/experiment_qwen3.6-max_full_kb.json
full_kb,Full KB,qwen_plus,Qwen-Plus,True,400,0,0,0,0,0,0,results/full_kb/experiment_qwen_plus_full_kb.json
full_kb,Full KB,deepseek_v3,DeepSeek-V3,True,400,0,0,0,0,0,0,results/full_kb/experiment_deepseek_v3_full_kb.json
full_kb,Full KB,deepseek_r1,DeepSeek-R1,True,400,0,0,0,0,0,0,results/full_kb/experiment_deepseek_r1_full_kb.json
full_kb,Full KB,llama4_scout,Llama4-scout,True,400,0,0,0,0,0,0,results/full_kb/experiment_llama4_scout_full_kb.json
